{"_Product__uuid": "a1abb1da-054b-46ec-b793-de452bbc1893", "_Product__name": "fsdfd", "_Product__description": "fhfgh", "_Product__price": 4324.0}
{"_Product__uuid": "c499209d-df7d-460c-ace4-5aaf6c81720b", "_Product__name": "Abel", "_Product__description": "Soy yo", "_Product__price": 12.0}
{"_Product__uuid": "b2270830-bec1-4b32-a922-36eb8cc6992e", "_Product__name": "JuanGome", "_Product__description": "No se quien es", "_Product__price": 12.3}
{"_Product__uuid": "94500731-ba6f-4777-8377-29b11fcb6fe0", "_Product__name": "dfdg", "_Product__description": "fh", "_Product__price": 5345.0}
